{
  "rear": {
    "joint1": [
      -0.035433077,
      -0.0029238125
    ],
    "blue_orange": [
      -0.0600751013,
      0.0010476151
    ],
    "green_attach": [
      -0.0523731967,
      -0.0463304459
    ]
  },
  "front": {
    "joint1": [
      0.144566923,
      -0.0029238125
    ],
    "blue_orange": [
      0.1199248987,
      0.0010476151
    ],
    "green_attach": [
      0.1276268033,
      -0.0463304459
    ]
  }
}